Date,Ticker,Action
2021-01-21,CXO,removed_ticker
2021-01-21,TRMB,added_ticker
2021-01-07,TIF,removed_ticker
2021-01-07,ENPH,added_ticker
2020-12-21,AIV,removed_ticker
2020-12-21,TSLA,added_ticker
2020-10-12,NBL,removed_ticker
2020-10-09,VNT,added_ticker
2020-10-07,ETFC,removed_ticker
2020-10-07,POOL,added_ticker
2020-09-21,HRB,removed_ticker
2020-09-21,COTY,removed_ticker
2020-09-21,KSS,removed_ticker
2020-09-21,ETSY,added_ticker
2020-09-21,TER,added_ticker
2020-09-21,CTLT,added_ticker
2020-06-22,ADS,removed_ticker
2020-06-22,HOG,removed_ticker
2020-06-22,JWN,removed_ticker
2020-06-22,BIO,added_ticker
2020-06-22,TDY,added_ticker
2020-06-22,TYL,added_ticker
2020-05-22,HP,removed_ticker
2020-05-22,WST,added_ticker
2020-05-12,CPRI,removed_ticker
2020-05-12,AGN,removed_ticker
2020-05-12,DPZ,added_ticker
2020-05-12,DXCM,added_ticker
2020-04-06,M,removed_ticker
2020-04-06,RTN,removed_ticker
2020-04-03,OTIS,added_ticker
2020-04-03,CARR,added_ticker
2020-03-03,XEC,removed_ticker
2020-03-03,GDI,added_ticker
2020-01-28,WCG,removed_ticker
2020-01-28,PAYC,added_ticker
2019-12-23,AMG,removed_ticker
2019-12-23,TRIP,removed_ticker
2019-12-23,MAC,removed_ticker
2019-12-23,LYV,added_ticker
2019-12-23,ZBRA,added_ticker
2019-12-23,STE,added_ticker
2019-12-09,STI,removed_ticker
2019-12-09,ODFL,added_ticker
2019-12-05,VIAB,removed_ticker
2019-12-05,WRB,added_ticker
2019-11-21,CELG,removed_ticker
2019-11-21,NOW,added_ticker
2019-10-03,NKTR,removed_ticker
2019-10-03,LVS,added_ticker
2019-09-26,JEF,removed_ticker
2019-09-26,NVR,added_ticker
2019-09-23,TSS,removed_ticker
2019-09-23,CDW,added_ticker
2019-08-09,LDOS,added_ticker
2019-08-09,APC,removed_ticker
2019-08-09,IEX,added_ticker
2019-08-09,FL,removed_ticker
2019-07-15,TMUS,added_ticker
2019-07-15,RHT,removed_ticker
2019-07-01,LLL,removed_ticker
2019-07-01,MKTX,added_ticker
2019-06-07,MAT,removed_ticker
2019-06-07,AMCR,added_ticker
2019-06-07,BMS,added_ticker
2019-06-03,CTVA,added_ticker
2019-06-03,FLR,removed_ticker
2019-06-03,DD,added_ticker
2019-06-03,DWDP,removed_ticker
2019-04-02,BHF,removed_ticker
2019-04-02,DOW,added_ticker
2019-02-27,WAB,added_ticker
2019-02-27,GT,removed_ticker
2019-02-15,NFX,removed_ticker
2019-02-15,ATO,added_ticker
2019-01-18,PCG,removed_ticker
2019-01-18,TFX,added_ticker
2019-01-02,SCG,removed_ticker
2019-01-02,FRC,added_ticker
2018-12-24,CE,added_ticker
2018-12-24,ESRX,removed_ticker
2018-12-03,MXIM,added_ticker
2018-12-03,LW,added_ticker
2018-12-03,FANG,added_ticker
2018-12-03,COL,removed_ticker
2018-12-03,AET,removed_ticker
2018-12-03,SRCL,removed_ticker
2018-11-13,EQT,removed_ticker
2018-11-13,JKHY,added_ticker
2018-11-06,KEYS,added_ticker
2018-11-06,CA,removed_ticker
2018-10-11,FTNT,added_ticker
2018-10-11,EVHC,removed_ticker
2018-10-01,ROL,added_ticker
2018-10-01,ANDV,removed_ticker
2018-09-14,XL,removed_ticker
2018-09-14,WCG,added_ticker
2018-08-28,GGP,removed_ticker
2018-08-28,ANET,added_ticker
2018-07-02,CPRT,added_ticker
2018-07-02,DPS,removed_ticker
2018-06-20,FLT,added_ticker
2018-06-20,TWX,removed_ticker
2018-06-18,RRC,removed_ticker
2018-06-18,AYI,removed_ticker
2018-06-18,HFC,added_ticker
2018-06-18,BR,added_ticker
2018-06-07,MON,removed_ticker
2018-06-07,TWTR,added_ticker
2018-06-05,NAVI,removed_ticker
2018-06-05,EVRG,added_ticker
2018-05-31,ABMD,added_ticker
2018-05-31,WYN,removed_ticker
2018-04-04,CSRA,removed_ticker
2018-04-04,MSCI,added_ticker
2018-03-19,TTWO,added_ticker
2018-03-19,PDCO,removed_ticker
2018-03-19,SIG,removed_ticker
2018-03-19,SIVB,added_ticker
2018-03-19,NKTR,added_ticker
2018-03-19,CHK,removed_ticker
2018-03-07,IPGP,added_ticker
2018-03-07,SNI,removed_ticker
2018-01-03,HII,added_ticker
2018-01-03,BCR,removed_ticker
2017-10-13,NCLH,added_ticker
2017-10-13,LVLT,removed_ticker
2017-09-18,CDNS,added_ticker
2017-09-18,SPLS,removed_ticker
2017-09-01,DD,removed_ticker
2017-09-01,SBAC,added_ticker
2017-09-01,DWDP,added_ticker
2017-09-01,DOW,removed_ticker
2017-08-29,IQV,added_ticker
2017-08-29,WFM,removed_ticker
2017-08-29,Q,added_ticker
2017-08-08,AN,removed_ticker
2017-08-08,BHF,added_ticker
2017-07-26,MNK,removed_ticker
2017-07-26,MUR,removed_ticker
2017-07-26,BBBY,removed_ticker
2017-07-26,RIG,removed_ticker
2017-07-26,RAI,removed_ticker
2017-07-26,PKG,added_ticker
2017-07-26,RMD,added_ticker
2017-07-26,DRE,added_ticker
2017-07-26,MGM,added_ticker
2017-07-26,AOS,added_ticker
2017-06-19,ANSS,added_ticker
2017-06-19,R,removed_ticker
2017-06-19,TDC,removed_ticker
2017-06-19,YHOO,removed_ticker
2017-06-19,RE,added_ticker
2017-06-19,ALGN,added_ticker
2017-06-19,HLT,added_ticker
2017-06-19,MJN,removed_ticker
2017-06-02,TGNA,removed_ticker
2017-06-02,INFO,added_ticker
2017-04-05,IT,added_ticker
2017-04-05,DNB,removed_ticker
2017-04-04,SWN,removed_ticker
2017-04-04,DXC,added_ticker
2017-03-20,ARE,added_ticker
2017-03-20,URBN,removed_ticker
2017-03-20,AMD,added_ticker
2017-03-20,RJF,added_ticker
2017-03-20,FSLR,removed_ticker
2017-03-20,FTR,removed_ticker
2017-03-16,SNPS,added_ticker
2017-03-16,HAR,removed_ticker
2017-03-13,DISH,added_ticker
2017-03-13,LLTC,removed_ticker
2017-03-02,ENDP,removed_ticker
2017-03-02,REG,added_ticker
2017-03-01,PBI,removed_ticker
2017-03-01,CBOE,added_ticker
2017-02-28,SE,removed_ticker
2017-02-28,INCY,added_ticker
2017-01-05,IDXX,added_ticker
2017-01-05,STJ,removed_ticker
2016-12-02,MAA,added_ticker
2016-12-02,EVHC,added_ticker
2016-12-02,LM,removed_ticker
2016-12-02,OI,removed_ticker
2016-11-01,ARNC,added_ticker
2016-11-01,AA,removed_ticker
2016-10-03,COTY,added_ticker
2016-09-30,DO,removed_ticker
2016-09-23,COO,added_ticker
2016-09-22,HOT,removed_ticker
2016-09-08,CHTR,added_ticker
2016-09-08,EMC,removed_ticker
2016-09-06,MTD,added_ticker
2016-09-06,JCI,removed_ticker
2016-07-05,CPGX,removed_ticker
2016-07-05,FTV,added_ticker
2016-07-01,ALB,added_ticker
2016-07-01,LNT,added_ticker
2016-07-01,GAS,removed_ticker
2016-07-01,TE,removed_ticker
2016-06-22,FBHS,added_ticker
2016-06-22,CVC,removed_ticker
2016-06-20,UA-C,added_ticker
2016-06-03,TDG,added_ticker
2016-06-03,BXLT,removed_ticker
2016-05-31,CCE,removed_ticker
2016-05-31,AJG,added_ticker
2016-05-23,LKQ,added_ticker
2016-05-23,ARG,removed_ticker
2016-05-18,TWC,removed_ticker
2016-05-18,DLR,added_ticker
2016-05-13,ALK,added_ticker
2016-05-13,SNDK,removed_ticker
2016-05-03,ADT,removed_ticker
2016-05-03,AYI,added_ticker
2016-04-25,GME,removed_ticker
2016-04-25,GPN,added_ticker
2016-04-18,ULTA,added_ticker
2016-04-18,THC,removed_ticker
2016-04-08,UA,added_ticker
2016-04-04,CAM,removed_ticker
2016-04-04,FL,added_ticker
2016-03-30,HOLX,added_ticker
2016-03-30,POM,removed_ticker
2016-03-30,CNC,added_ticker
2016-03-30,ESV,removed_ticker
2016-03-25,UAA,added_ticker
2016-03-07,UDR,added_ticker
2016-03-07,GMCR,removed_ticker
2016-03-04,CNX,removed_ticker
2016-03-04,AWK,added_ticker
2016-02-22,CXO,added_ticker
2016-02-22,PCL,removed_ticker
2016-02-01,CFG,added_ticker
2016-02-01,BRCM,removed_ticker
2016-02-01,PCP,removed_ticker
2016-02-01,FRT,added_ticker
2016-01-19,CB,removed_ticker
2016-01-19,EXR,added_ticker
2016-01-05,WLTW,added_ticker
2016-01-05,FOSL,removed_ticker
2015-12-29,ALTR,removed_ticker
2015-12-29,CHD,added_ticker
2015-12-15,CMCSK,removed_ticker
2015-12-01,CSRA,added_ticker
2015-12-01,CSC,removed_ticker
2015-11-19,ILMN,added_ticker
2015-11-19,SIAL,removed_ticker
2015-11-18,SYF,added_ticker
2015-11-18,GNW,removed_ticker
2015-11-02,HCBK,removed_ticker
2015-11-02,HPE,added_ticker
2015-10-08,VRSK,added_ticker
2015-10-07,JOY,removed_ticker
2015-09-18,FOX,added_ticker
2015-09-18,NWS,added_ticker
2015-09-18,CMCSK,added_ticker
2015-09-18,CMCSA,added_ticker
2015-09-03,UAL,added_ticker
2015-09-02,HSP,removed_ticker
2015-08-31,ATVI,added_ticker
2015-08-28,PLL,removed_ticker
2015-07-29,DTV,removed_ticker
2015-07-29,SIG,added_ticker
2015-07-20,NE,removed_ticker
2015-07-20,PYPL,added_ticker
2015-07-09,AAP,added_ticker
2015-07-08,FDO,removed_ticker
2015-07-06,KRFT,removed_ticker
2015-07-06,KHC,added_ticker
2015-07-02,CPGX,added_ticker
2015-07-02,ATI,removed_ticker
2015-07-01,BXLT,added_ticker
2015-07-01,QEP,removed_ticker
2015-07-01,JBHT,added_ticker
2015-07-01,TEG,removed_ticker
2015-06-11,QRVO,added_ticker
2015-06-11,LO,removed_ticker
2015-04-07,WIN,removed_ticker
2015-04-07,O,added_ticker
2015-03-23,SLG,added_ticker
2015-03-23,DNR,removed_ticker
2015-03-23,NBR,removed_ticker
2015-03-23,AVP,removed_ticker
2015-03-23,EQIX,added_ticker
2015-03-23,HBI,added_ticker
2015-03-23,AAL,added_ticker
2015-03-18,HSIC,added_ticker
2015-03-18,CFN,removed_ticker
2015-03-12,PETM,removed_ticker
2015-03-12,SWKS,added_ticker
2015-01-27,COV,removed_ticker
2015-01-27,ENDP,added_ticker
2015-01-27,SWY,removed_ticker
2015-01-27,HCA,added_ticker
2014-12-05,RCL,added_ticker
2014-12-05,BMS,removed_ticker
2014-11-05,JBL,removed_ticker
2014-11-05,LVLT,added_ticker
2014-09-20,URI,added_ticker
2014-09-20,UHS,added_ticker
2014-09-20,GHC,removed_ticker
2014-09-20,BTU,removed_ticker
2014-08-18,MNK,added_ticker
2014-08-18,RDC,removed_ticker
2014-08-07,DISCK,added_ticker
2014-07-02,MLM,added_ticker
2014-07-02,X,removed_ticker
2014-07-01,AMG,added_ticker
2014-07-01,FRX,removed_ticker
2014-06-21,XEC,added_ticker
2014-06-20,IGT,removed_ticker
2014-05-08,LSI,removed_ticker
2014-05-08,AVGO,added_ticker
2014-05-01,BEAM,removed_ticker
2014-05-01,SLM,removed_ticker
2014-05-01,NAVI,added_ticker
2014-04-03,GOOGL,added_ticker
2014-04-02,ESS,added_ticker
2014-04-02,CLF,removed_ticker
2014-03-21,WPX,removed_ticker
2014-03-21,GMCR,added_ticker
2014-01-24,TSCO,added_ticker
2014-01-24,LIFE,removed_ticker
2013-12-23,ANF,removed_ticker
2013-12-23,JDSU,removed_ticker
2013-12-23,TER,removed_ticker
2013-12-23,MHK,added_ticker
2013-12-23,FB,added_ticker
2013-12-23,ADS,added_ticker
2013-12-10,GGP,added_ticker
2013-12-10,MOLX,removed_ticker
2013-12-02,JCP,removed_ticker
2013-12-02,ALLE,added_ticker
2013-11-13,NYX,removed_ticker
2013-11-13,KORS,added_ticker
2013-11-13,CPRI,added_ticker
2013-10-29,DELL,removed_ticker
2013-10-29,RIG,added_ticker
2013-09-23,AME,added_ticker
2013-09-23,VRTX,added_ticker
2013-09-20,SAI,removed_ticker
2013-09-20,AMD,removed_ticker
2013-09-11,DAL,added_ticker
2013-09-10,BMC,removed_ticker
2013-08-01,NWSA,added_ticker
2013-07-09,NLSN,added_ticker
2013-07-08,S,removed_ticker
2013-07-01,FOXA,added_ticker
2013-06-28,APOL,removed_ticker
2013-06-21,FHN,removed_ticker
2013-06-21,ZTS,added_ticker
2013-06-06,GM,added_ticker
2013-06-06,HNZ,removed_ticker
2013-05-24,KSU,added_ticker
2013-05-23,DF,removed_ticker
2013-05-09,MAC,added_ticker
2013-05-08,CVH,removed_ticker
2013-05-01,REGN,added_ticker
2013-04-30,PCS,removed_ticker
2013-02-15,BIG,removed_ticker
2013-02-15,PVH,added_ticker
2012-12-31,ABBV,added_ticker
2012-12-31,FII,removed_ticker
2012-12-24,APTV,added_ticker
2012-12-21,DLPH,added_ticker
2012-12-21,TIE,removed_ticker
2012-12-12,GRMN,added_ticker
2012-12-11,RRD,removed_ticker
2012-12-03,CBE,removed_ticker
2012-12-03,DG,added_ticker
2012-10-10,SUN,removed_ticker
2012-10-10,PETM,added_ticker
2012-10-02,KRFT,added_ticker
2012-10-02,ANR,removed_ticker
2012-10-02,MDLZ,added_ticker
2012-10-01,PNR,added_ticker
2012-10-01,DV,removed_ticker
2012-10-01,ADT,added_ticker
2012-10-01,LXK,removed_ticker
2012-09-05,LYB,added_ticker
2012-09-05,SHLD,removed_ticker
2012-07-31,ESV,added_ticker
2012-07-31,GR,removed_ticker
2012-07-02,PGN,removed_ticker
2012-07-02,STX,added_ticker
2012-06-29,SLE,removed_ticker
2012-06-29,MNST,added_ticker
2012-06-29,LRCX,added_ticker
2012-06-05,NVLS,removed_ticker
2012-05-25,ALXN,added_ticker
2012-05-25,KMI,added_ticker
2012-05-21,MMI,removed_ticker
2012-05-17,EP,removed_ticker
2012-05-01,PSX,added_ticker
2012-04-23,SVU,removed_ticker
2012-04-03,FOSL,added_ticker
2012-04-03,MHS,removed_ticker
2012-03-14,CCI,added_ticker
2012-03-13,CEG,removed_ticker
2011-12-31,WPX,added_ticker
2011-12-31,CPWR,removed_ticker
2011-12-21,TRIP,added_ticker
2011-12-20,TLAB,removed_ticker
2011-12-19,PRGO,added_ticker
2011-12-19,BWA,added_ticker
2011-12-19,DLTR,added_ticker
2011-12-16,WFR,removed_ticker
2011-12-16,MWW,removed_ticker
2011-12-16,AKS,removed_ticker
2011-12-12,GAS,added_ticker
2011-11-18,JNS,removed_ticker
2011-11-18,CBE,added_ticker
2011-11-01,XYL,added_ticker
2011-10-31,ITT,removed_ticker
2011-10-17,TEL,added_ticker
2011-10-14,CEPH,removed_ticker
2011-09-26,MOS,added_ticker
2011-09-23,NSM,removed_ticker
2011-07-06,ACN,added_ticker
2011-07-05,MI,removed_ticker
2011-07-01,MPC,added_ticker
2011-06-30,RSH,removed_ticker
2011-06-01,ANR,added_ticker
2011-06-01,MEE,removed_ticker
2011-04-28,CMG,added_ticker
2011-04-27,NOVL,removed_ticker
2011-04-04,BLK,added_ticker
2011-04-01,EW,added_ticker
2011-04-01,GENZ,removed_ticker
2011-03-31,Q,removed_ticker
2011-02-28,COV,added_ticker
2011-02-28,MFE,removed_ticker
2011-02-25,JOY,added_ticker
2011-02-25,AYE,removed_ticker
2010-12-20,NFLX,added_ticker
2010-12-20,FFIV,added_ticker
2010-12-17,ODP,removed_ticker
2010-12-17,NYT,removed_ticker
2010-12-17,NFX,added_ticker
2010-12-17,EK,removed_ticker
2010-12-17,CVC,added_ticker
2010-12-17,KG,removed_ticker
2010-11-17,IR,added_ticker
2010-11-17,PTV,removed_ticker
2010-08-27,JCI,added_ticker
2010-08-26,SII,removed_ticker
2010-08-26,TYC,added_ticker
2010-07-15,CB,added_ticker
2010-07-14,MIL,removed_ticker
2010-06-30,QEP,added_ticker
2010-06-30,STR,removed_ticker
2010-06-28,KMX,added_ticker
2010-06-28,XTO,removed_ticker
2010-04-30,CERN,added_ticker
2010-04-29,BJS,removed_ticker
2010-03-15,OKE,added_ticker
2010-03-01,HP,added_ticker
2010-03-01,DISCA,added_ticker
2010-02-26,RX,removed_ticker
2010-02-16,BRK.B,added_ticker
2010-01-29,NRG,added_ticker
2009-12-23,ROP,added_ticker
2009-12-21,ROST,added_ticker
2009-12-21,V,added_ticker
2009-12-18,MJN,added_ticker
2009-12-18,CLF,added_ticker
2009-12-18,SAIC,added_ticker
2009-12-18,CIEN,removed_ticker
2009-12-18,DYN,removed_ticker
2009-12-18,KBH,removed_ticker
2009-12-18,CVG,removed_ticker
2009-11-06,BKNG,added_ticker
2009-11-03,PCLN,added_ticker
2009-11-03,SGP,removed_ticker
2009-09-28,ARG,added_ticker
2009-09-15,FAST,added_ticker
2009-08-19,FMC,added_ticker
2009-07-01,WDC,added_ticker
2009-07-01,PWR,added_ticker
2009-06-05,FTI,added_ticker
2009-03-27,ORLY,added_ticker
2009-03-04,HRL,added_ticker
2009-03-04,VTR,added_ticker
2009-03-03,JNY,removed_ticker
2009-03-03,ACAS,removed_ticker
2009-01-30,WELL,added_ticker
2009-01-06,IRM,added_ticker
2009-01-02,FLIR,added_ticker
2008-12-31,OI,added_ticker
2008-12-31,WB,removed_ticker
2008-12-05,RSG,added_ticker
2008-11-14,WYNN,added_ticker
2008-11-14,XRAY,added_ticker
2008-11-13,PBCT,added_ticker
2008-11-06,SJM,added_ticker
2008-10-31,WEC,added_ticker
2008-10-22,NDAQ,added_ticker
2008-10-02,FLS,added_ticker
2008-09-30,APH,added_ticker
2008-09-24,PXD,added_ticker
2008-09-16,HRS,added_ticker
2008-09-16,LEH,removed_ticker
2008-09-15,CRM,added_ticker
2008-09-12,FRE,removed_ticker
2008-09-12,FNM,removed_ticker
2008-08-27,CF,added_ticker
2008-08-21,IVZ,added_ticker
2008-07-31,DVA,added_ticker
2008-07-18,MA,added_ticker
2008-06-23,COG,added_ticker
2008-06-10,ABK,removed_ticker
2008-06-10,LO,added_ticker
2008-06-02,ISRG,added_ticker
2008-03-31,PM,added_ticker
2008-03-31,HCP,added_ticker
2008-01-02,TSS,added_ticker
2007-12-20,TRB,removed_ticker
2007-12-20,RRC,added_ticker
2007-12-13,GME,added_ticker
2007-12-13,DJ,removed_ticker
2007-11-19,AMT,added_ticker
2007-10-26,JEC,added_ticker
2007-10-26,AV,removed_ticker
2007-10-10,EXPD,added_ticker
2007-10-08,NBL,added_ticker
2007-10-02,EXPE,added_ticker
2007-10-02,SLR,removed_ticker
2007-10-01,TDC,added_ticker
2007-10-01,NCR,removed_ticker
2007-09-27,TSO,added_ticker
2007-09-27,MXIM,removed_ticker
2007-09-26,ICE,added_ticker
2007-09-26,FDC,removed_ticker
2007-09-07,MCHP,added_ticker
2007-08-27,JEF,added_ticker
2007-08-24,KSE,removed_ticker
2007-08-24,LUK,added_ticker
2007-07-12,AKAM,added_ticker
2007-07-02,DFS,added_ticker
2007-04-10,AIZ,added_ticker
2007-03-30,KFT,added_ticker
2007-03-30,TSG,removed_ticker
2007-03-20,HST,added_ticker
2007-03-02,CHRW,added_ticker
2007-02-12,VAR,added_ticker
2007-02-02,RL,added_ticker
2007-01-10,AVB,added_ticker
2007-01-10,SBL,removed_ticker
2006-11-17,CTSH,added_ticker
2006-11-10,FIS,added_ticker
2006-11-10,CBRE,added_ticker
2006-11-06,CELG,added_ticker
2006-08-11,CME,added_ticker
2006-06-02,JNPR,added_ticker
2006-06-02,ABS,removed_ticker
2006-04-04,KIM,added_ticker
2006-04-03,BXP,added_ticker
2006-04-03,GOOG,added_ticker
2006-02-01,VRSN,added_ticker
2006-01-05,EL,added_ticker
2005-11-18,AMZN,added_ticker
2005-10-04,LEN,added_ticker
2005-10-03,AMP,added_ticker
2005-08-19,PSA,added_ticker
2005-07-01,GLK,removed_ticker
2005-07-01,STZ,added_ticker
2005-03-14,NOV,added_ticker
2004-11-01,LH,added_ticker
2004-07-01,GILD,added_ticker
2004-04-23,MYL,added_ticker
2004-03-31,ETFC,added_ticker
2003-11-13,BIIB,added_ticker
2003-09-25,QTRN,removed_ticker
2003-09-25,ESRX,added_ticker
2003-07-17,PLD,added_ticker
2003-03-25,SYMC,added_ticker
2003-03-14,AIV,added_ticker
2002-12-12,DGX,added_ticker
2002-08-21,TRV,added_ticker
2002-07-25,ANTM,added_ticker
2002-07-22,UPS,added_ticker
2002-07-22,EA,added_ticker
2002-07-22,PFG,added_ticker
2002-07-22,GS,added_ticker
2002-07-22,PRU,added_ticker
2002-06-26,SPG,added_ticker
2001-12-03,EQR,added_ticker
2001-11-30,NVDA,added_ticker
2001-08-30,ABC,added_ticker
2001-08-07,ZBH,added_ticker
2001-06-22,ZION,added_ticker
2001-04-02,FISV,added_ticker
2001-03-01,CTAS,added_ticker
2000-12-12,SYK,added_ticker
2000-12-05,AYE,added_ticker
2000-12-05,GRA,removed_ticker
2000-12-05,CCK,removed_ticker
2000-12-05,SBL,added_ticker
2000-12-05,RHI,added_ticker
2000-12-05,BS,removed_ticker
2000-12-05,ABK,added_ticker
2000-12-05,INTU,added_ticker
2000-11-02,EOG,added_ticker
2000-08-30,DVN,added_ticker
2000-07-27,JDSU,added_ticker
2000-07-27,RAD,removed_ticker
2000-06-21,TIF,added_ticker
2000-06-05,A,added_ticker
1999-12-07,YHOO,added_ticker
1999-12-07,LDW,removed_ticker
1999-12-01,CTXS,added_ticker
1999-11-08,XLNX,added_ticker
1999-10-12,ADI,added_ticker
1999-06-30,VMC,added_ticker
1999-06-29,BBY,added_ticker
1999-06-25,NTAP,added_ticker
1999-05-28,AFL,added_ticker
1999-05-03,CMS,added_ticker
1999-04-12,AGN,added_ticker
1999-03-25,CTL,added_ticker
1998-12-22,CCL,added_ticker
1998-10-02,AES,added_ticker
1998-08-28,RF,added_ticker
1998-07-01,COF,added_ticker
1997-12-18,CINF,added_ticker
1997-12-04,BBT,added_ticker
1997-10-06,YUM,added_ticker
1997-08-04,PGR,added_ticker
1997-07-28,APA,added_ticker
1997-06-19,EFX,added_ticker
1997-06-02,SCHW,added_ticker
1997-05-27,CAH,added_ticker
1997-05-05,ADBE,added_ticker
1997-01-02,AZO,added_ticker
1996-04-23,AON,added_ticker
1995-12-01,CMA,added_ticker
1995-07-13,ALL,added_ticker
1995-03-31,BK,added_ticker
1995-03-16,AMAT,added_ticker
1995-02-24,BSX,added_ticker
1994-09-27,MU,added_ticker
1994-09-01,CBS,added_ticker
1994-07-01,UNH,added_ticker
1994-07-01,LUV,added_ticker
1994-06-01,MSFT,added_ticker
1994-03-01,KEY,added_ticker
1994-03-01,UNM,added_ticker
1994-01-01,EMN,added_ticker
1993-12-01,CSCO,added_ticker
1993-10-01,COST,added_ticker
1992-10-01,IPG,added_ticker
1992-07-01,LIN,added_ticker
1992-01-02,AMGN,added_ticker
1991-09-19,AEE,added_ticker
1991-05-01,MRO,added_ticker
1989-12-01,ADSK,added_ticker
1989-08-31,ORCL,added_ticker
1989-04-30,NWL,added_ticker
1989-04-30,GL,added_ticker
1989-01-31,ECL,added_ticker
1988-11-30,NKE,added_ticker
1988-05-31,STI,added_ticker
1988-05-31,C,added_ticker
1988-04-30,PNC,added_ticker
1988-03-31,HD,added_ticker
1987-12-31,AVY,added_ticker
1987-08-31,MMC,added_ticker
1986-12-31,SYY,added_ticker
1986-11-30,HRB,added_ticker
1986-10-31,MDT,added_ticker
1986-08-31,GPS,added_ticker
1986-08-31,JWN,added_ticker
1986-02-28,ITW,added_ticker
1985-11-30,PH,added_ticker
1985-10-31,DOV,added_ticker
1985-09-30,TJX,added_ticker
1985-07-31,CNP,added_ticker
1985-06-30,NOC,added_ticker
1985-05-31,PKI,added_ticker
1985-04-30,NUE,added_ticker
1985-04-30,APD,added_ticker
1984-10-31,BLL,added_ticker
1984-09-30,HAS,added_ticker
1984-07-31,LMT,added_ticker
1984-05-31,HES,added_ticker
1984-04-30,PHM,added_ticker
1984-02-29,LOW,added_ticker
1983-11-30,T,added_ticker
1983-11-30,VZ,added_ticker
1983-09-30,LB,added_ticker
1983-08-31,CAG,added_ticker
1982-12-31,OXY,added_ticker
1982-11-30,AAPL,added_ticker
1982-10-31,BF.B,added_ticker
1982-09-30,SWK,added_ticker
1982-09-30,SNA,added_ticker
1982-08-31,WMT,added_ticker
1981-07-29,ADM,added_ticker
1981-06-30,GWW,added_ticker
1981-06-30,MAS,added_ticker
1981-03-31,ADP,added_ticker
1980-12-31,PCAR,added_ticker
1980-12-31,FDX,added_ticker
1980-03-31,AIG,added_ticker
1979-12-31,WBA,added_ticker
1979-06-30,VFC,added_ticker
1978-12-31,TXT,added_ticker
1976-12-31,INTC,added_ticker
1976-12-31,TGT,added_ticker
1976-06-30,DIS,added_ticker
1976-06-30,TAP,added_ticker
1976-06-30,DUK,added_ticker
1976-06-30,CI,added_ticker
1976-06-30,NEE,added_ticker
1976-06-30,AXP,added_ticker
1976-06-30,WFC,added_ticker
1976-06-30,LNC,added_ticker
1976-06-30,BAC,added_ticker
1976-03-31,IFF,added_ticker
1975-06-30,JPM,added_ticker
1975-03-31,WMB,added_ticker
1974-12-31,HPQ,added_ticker
1973-12-31,GPC,added_ticker
1973-06-30,JNJ,added_ticker
1972-09-30,BAX,added_ticker
1972-09-30,BDX,added_ticker
1970-12-31,LLY,added_ticker
1970-06-30,MCD,added_ticker
1969-06-30,NEM,added_ticker
1969-03-31,CLX,added_ticker
1969-03-31,GIS,added_ticker
1967-09-30,CSX,added_ticker
1965-03-31,CMI,added_ticker
1965-03-31,SLB,added_ticker
1965-03-31,EMR,added_ticker
1964-06-30,SHW,added_ticker
1964-03-31,HON,added_ticker
1964-03-31,ABT,added_ticker
1957-01-01,ES,added_ticker
1957-01-01,HIG,added_ticker
1957-01-01,TROW,added_ticker
1957-01-01,NI,added_ticker
1957-01-01,EXC,added_ticker
1957-01-01,SO,added_ticker
1957-01-01,MET,added_ticker
1957-01-01,CVX,added_ticker
1957-01-01,STT,added_ticker
1957-01-01,TXN,added_ticker
1957-01-01,TMO,added_ticker
1957-01-01,TSN,added_ticker
1957-01-01,UNP,added_ticker
1957-01-01,UTX,added_ticker
1957-01-01,EBAY,added_ticker
1957-01-01,MCO,added_ticker
1957-01-01,PG,added_ticker
1957-01-01,WY,added_ticker
1957-01-01,PPG,added_ticker
1957-01-01,PEP,added_ticker
1957-01-01,IP,added_ticker
1957-01-01,K,added_ticker
1957-01-01,KMB,added_ticker
1957-01-01,KR,added_ticker
1957-01-01,LEG,added_ticker
1957-01-01,L,added_ticker
1957-01-01,MKC,added_ticker
1957-01-01,SPGI,added_ticker
1957-01-01,CVS,added_ticker
1957-01-01,COP,added_ticker
1957-01-01,ETR,added_ticker
1957-01-01,MMM,added_ticker
1957-01-01,MSI,added_ticker
1957-01-01,XEL,added_ticker
1957-01-01,NTRS,added_ticker
1957-01-01,PFE,added_ticker
1957-01-01,WHR,added_ticker
1957-01-01,XRX,added_ticker
1957-01-01,MAR,added_ticker
1957-01-01,MO,added_ticker
1957-01-01,PPL,added_ticker
1957-01-01,PNW,added_ticker
1957-01-01,PEG,added_ticker
1957-01-01,HOG,added_ticker
1957-01-01,M,added_ticker
1957-01-01,QCOM,added_ticker
1957-01-01,VNO,added_ticker
1957-01-01,WM,added_ticker
1957-01-01,EIX,added_ticker
1957-01-01,SBUX,added_ticker
1957-01-01,MS,added_ticker
1957-01-01,KSS,added_ticker
1957-01-01,FCX,added_ticker
1957-01-01,DHI,added_ticker
1957-01-01,MCK,added_ticker
1957-01-01,DTE,added_ticker
1957-01-01,DRI,added_ticker
1957-01-01,WAT,added_ticker
1957-01-01,ED,added_ticker
1957-01-01,RTN,added_ticker
1957-01-01,LHX,added_ticker
1957-01-01,MRK,added_ticker
1957-01-01,DHR,added_ticker
1957-01-01,DE,added_ticker
1957-01-01,IBM,added_ticker
1957-01-01,KLAC,added_ticker
1957-01-01,SRE,added_ticker
1957-01-01,FE,added_ticker
1957-01-01,ROK,added_ticker
1957-01-01,NSC,added_ticker
1957-01-01,D,added_ticker
1957-01-01,SEE,added_ticker
1957-01-01,PAYX,added_ticker
1957-01-01,VLO,added_ticker
1957-01-01,HBAN,added_ticker
1957-01-01,TPR,added_ticker
1957-01-01,VIAB,added_ticker
1957-01-01,BEN,added_ticker
1957-01-01,F,added_ticker
1957-01-01,MTB,added_ticker
1957-01-01,USB,added_ticker
1957-01-01,FITB,added_ticker
1957-01-01,XOM,added_ticker
1957-01-01,OMC,added_ticker
1957-01-01,GLW,added_ticker
1957-01-01,CL,added_ticker
1957-01-01,KO,added_ticker
1957-01-01,CAT,added_ticker
1957-01-01,CPB,added_ticker
1957-01-01,HUM,added_ticker
1957-01-01,BMY,added_ticker
1957-01-01,BA,added_ticker
1957-01-01,WRK,added_ticker
1957-01-01,AEP,added_ticker
1957-01-01,BHGE,added_ticker
1957-01-01,GD,added_ticker
1957-01-01,GE,added_ticker
1957-01-01,ETN,added_ticker
1957-01-01,HSY,added_ticker
1957-01-01,HAL,added_ticker
1957-01-01,WU,added_ticker
